1,KEPALA BADAN
2,SEKRETARIS
3,KEPALA BIDANG ASET
4,KEPALA BIDANG ANGGARAN
5,KEPALA BIDANG AKUNTANSI
6,KEPALA BIDANG PERBENDAHARAAN
7,KEPALA SUB. BAGIAN KEPEGAWAIAN
8,KEPALA SUB. BAGIAN UMUM
9,KASUBID PELAPORAN DAN PERENCANAAN ASET
10,KASUBID PENILAIAN PEMANFAATAN DAN PEMINDAHTANGANAN ASET
11,KASUBID PENGAMANAN PENYIMPANAN DAN MONITORING ASET
12,KASUBID PERENCANAAN PENYUSUNAN ANGGARAN PENELITIAN DPA DAN ANGGARAN KAS
13,KASUBID PENGENDALIAN DAN OTORISASI SPD
14,KASUBID PEMBINAAN DAN PENGELOLAAN KEUANGAN DESA
15,"KASUBID AKUNTANSI, EVALUASI DAN INVESTASI DAERAH"
16,KASUBID PENYUSUNAN LAPORAN KEUANGAN PEMERINTAH DAERAH
17,"KASUBID PENERIMAAN, PENGELUARAN DAN PELAPORAN"
18,KASUBID PENELITIAN DAN PENERBITAN SP2D
19,PELAKSANA
20,PELAKSANA
21,PELAKSANA
22,PELAKSANA
23,PELAKSANA
24,PELAKSANA
25,PELAKSANA
26,PELAKSANA
27,PELAKSANA
28,PELAKSANA
29,PELAKSANA
30,PELAKSANA
31,PELAKSANA
32,PELAKSANA
33,PELAKSANA
34,PELAKSANA
35,PELAKSANA
36,PELAKSANA
37,PELAKSANA
38,PELAKSANA
39,PELAKSANA
40,PELAKSANA
41,PELAKSANA
42,PELAKSANA
43,PELAKSANA
44,PELAKSANA
45,PELAKSANA
46,PELAKSANA
47,PELAKSANA
48,PELAKSANA
49,PELAKSANA
